"Searchfor","replacewith"
V0,2.0000000000000E-09
V1,5.0000000000000E-10
V2,1.2500000000000E-10
V3,3.1250000000000E-11
V4,7.8125000000000E-12
V5,1.9531250000000E-12
V6,4.8828125000000E-13
V7,1.2207031250000E-13
